{"tileSize":16,"mapWidth":22,"mapHeight":6,"layers":[{"name":"Layer_0","tiles":[{"id":"0","x":0,"y":0},{"id":"1","x":0,"y":1},{"id":"2","x":1,"y":0},{"id":"3","x":2,"y":0},{"id":"4","x":3,"y":0},{"id":"5","x":1,"y":1},{"id":"6","x":2,"y":1},{"id":"7","x":3,"y":1},{"id":"2","x":4,"y":0},{"id":"3","x":5,"y":0},{"id":"4","x":6,"y":0},{"id":"5","x":4,"y":1},{"id":"6","x":5,"y":1},{"id":"7","x":6,"y":1},{"id":"2","x":7,"y":0},{"id":"3","x":8,"y":0},{"id":"4","x":9,"y":0},{"id":"5","x":7,"y":1},{"id":"6","x":8,"y":1},{"id":"7","x":9,"y":1},{"id":"2","x":10,"y":0},{"id":"3","x":11,"y":0},{"id":"4","x":12,"y":0},{"id":"5","x":10,"y":1},{"id":"6","x":11,"y":1},{"id":"7","x":12,"y":1},{"id":"2","x":13,"y":0},{"id":"3","x":14,"y":0},{"id":"4","x":15,"y":0},{"id":"5","x":13,"y":1},{"id":"6","x":14,"y":1},{"id":"7","x":15,"y":1},{"id":"8","x":16,"y":0},{"id":"9","x":17,"y":0},{"id":"10","x":16,"y":1},{"id":"11","x":17,"y":1},{"id":"8","x":18,"y":1},{"id":"9","x":19,"y":1},{"id":"10","x":18,"y":2},{"id":"11","x":19,"y":2},{"id":"8","x":20,"y":2},{"id":"9","x":21,"y":2},{"id":"10","x":20,"y":3},{"id":"11","x":21,"y":3},{"id":"12","x":0,"y":2},{"id":"13","x":1,"y":2},{"id":"14","x":2,"y":2},{"id":"15","x":0,"y":3},{"id":"15","x":1,"y":3},{"id":"15","x":2,"y":3},{"id":"12","x":3,"y":2},{"id":"13","x":4,"y":2},{"id":"14","x":5,"y":2},{"id":"15","x":3,"y":3},{"id":"12","x":6,"y":2},{"id":"13","x":7,"y":2},{"id":"14","x":8,"y":2},{"id":"15","x":7,"y":3},{"id":"15","x":8,"y":3},{"id":"12","x":9,"y":2},{"id":"13","x":10,"y":2},{"id":"14","x":11,"y":2},{"id":"15","x":9,"y":3},{"id":"15","x":10,"y":3},{"id":"15","x":11,"y":3},{"id":"12","x":12,"y":2},{"id":"13","x":13,"y":2},{"id":"14","x":14,"y":2},{"id":"15","x":12,"y":3},{"id":"12","x":15,"y":2},{"id":"13","x":16,"y":2},{"id":"14","x":17,"y":2},{"id":"12","x":18,"y":3},{"id":"12","x":19,"y":3},{"id":"12","x":21,"y":4},{"id":"12","x":20,"y":4},{"id":"12","x":19,"y":4},{"id":"12","x":18,"y":4},{"id":"12","x":17,"y":4},{"id":"12","x":17,"y":3},{"id":"12","x":16,"y":3},{"id":"12","x":15,"y":3},{"id":"12","x":14,"y":3},{"id":"12","x":13,"y":3},{"id":"12","x":16,"y":4},{"id":"12","x":15,"y":4},{"id":"12","x":14,"y":4},{"id":"12","x":13,"y":4},{"id":"12","x":12,"y":4},{"id":"12","x":11,"y":4},{"id":"12","x":10,"y":4},{"id":"12","x":9,"y":4},{"id":"12","x":8,"y":4},{"id":"12","x":7,"y":4},{"id":"12","x":6,"y":4},{"id":"12","x":6,"y":3},{"id":"12","x":5,"y":3},{"id":"12","x":4,"y":3},{"id":"12","x":4,"y":4},{"id":"12","x":3,"y":4},{"id":"12","x":2,"y":4},{"id":"12","x":1,"y":4},{"id":"12","x":0,"y":4},{"id":"12","x":0,"y":5},{"id":"12","x":1,"y":5},{"id":"12","x":2,"y":5},{"id":"12","x":3,"y":5},{"id":"12","x":4,"y":5},{"id":"12","x":5,"y":4},{"id":"12","x":5,"y":5},{"id":"12","x":6,"y":5},{"id":"12","x":7,"y":5},{"id":"12","x":8,"y":5},{"id":"12","x":9,"y":5},{"id":"12","x":10,"y":5},{"id":"12","x":11,"y":5},{"id":"12","x":12,"y":5},{"id":"12","x":13,"y":5},{"id":"12","x":14,"y":5},{"id":"12","x":15,"y":5},{"id":"12","x":16,"y":5},{"id":"12","x":17,"y":5},{"id":"12","x":18,"y":5},{"id":"12","x":19,"y":5},{"id":"12","x":20,"y":5},{"id":"12","x":21,"y":5}],"collider":false}]}