{"tileSize":16,"mapWidth":41,"mapHeight":9,"layers":[{"name":"Layer_0","tiles":[{"id":"0","x":0,"y":6},{"id":"1","x":0,"y":7},{"id":"2","x":0,"y":8},{"id":"0","x":1,"y":5},{"id":"3","x":1,"y":6},{"id":"4","x":1,"y":7},{"id":"5","x":1,"y":8},{"id":"6","x":2,"y":5},{"id":"7","x":2,"y":6},{"id":"8","x":2,"y":7},{"id":"7","x":2,"y":8},{"id":"6","x":3,"y":5},{"id":"7","x":3,"y":6},{"id":"8","x":3,"y":7},{"id":"7","x":3,"y":8},{"id":"6","x":4,"y":5},{"id":"7","x":4,"y":6},{"id":"8","x":4,"y":7},{"id":"7","x":4,"y":8},{"id":"6","x":5,"y":5},{"id":"7","x":5,"y":6},{"id":"8","x":5,"y":7},{"id":"7","x":5,"y":8},{"id":"6","x":6,"y":5},{"id":"7","x":6,"y":6},{"id":"8","x":6,"y":7},{"id":"7","x":6,"y":8},{"id":"9","x":7,"y":4},{"id":"10","x":7,"y":5},{"id":"7","x":7,"y":6},{"id":"6","x":8,"y":4},{"id":"7","x":8,"y":5},{"id":"8","x":8,"y":6},{"id":"6","x":9,"y":4},{"id":"7","x":9,"y":5},{"id":"8","x":9,"y":6},{"id":"6","x":10,"y":4},{"id":"7","x":10,"y":5},{"id":"8","x":10,"y":6},{"id":"6","x":11,"y":4},{"id":"7","x":11,"y":5},{"id":"8","x":11,"y":6},{"id":"7","x":11,"y":7},{"id":"8","x":7,"y":7},{"id":"7","x":8,"y":7},{"id":"7","x":7,"y":8},{"id":"11","x":8,"y":8},{"id":"8","x":9,"y":7},{"id":"7","x":10,"y":7},{"id":"7","x":9,"y":8},{"id":"11","x":10,"y":8},{"id":"11","x":11,"y":8},{"id":"12","x":15,"y":4},{"id":"0","x":16,"y":4},{"id":"0","x":15,"y":5},{"id":"3","x":16,"y":5},{"id":"5","x":16,"y":7},{"id":"12","x":17,"y":2},{"id":"0","x":18,"y":2},{"id":"0","x":17,"y":3},{"id":"3","x":18,"y":3},{"id":"1","x":17,"y":4},{"id":"4","x":18,"y":4},{"id":"12","x":19,"y":0},{"id":"0","x":20,"y":0},{"id":"0","x":19,"y":1},{"id":"3","x":20,"y":1},{"id":"1","x":19,"y":2},{"id":"4","x":20,"y":2},{"id":"5","x":17,"y":7},{"id":"7","x":18,"y":7},{"id":"11","x":19,"y":7},{"id":"8","x":21,"y":5},{"id":"7","x":22,"y":5},{"id":"4","x":19,"y":3},{"id":"8","x":20,"y":3},{"id":"7","x":21,"y":3},{"id":"5","x":19,"y":4},{"id":"7","x":20,"y":4},{"id":"11","x":21,"y":4},{"id":"4","x":22,"y":3},{"id":"8","x":23,"y":3},{"id":"7","x":24,"y":3},{"id":"5","x":22,"y":4},{"id":"7","x":23,"y":4},{"id":"11","x":24,"y":4},{"id":"4","x":21,"y":1},{"id":"8","x":22,"y":1},{"id":"7","x":23,"y":1},{"id":"5","x":21,"y":2},{"id":"7","x":22,"y":2},{"id":"11","x":23,"y":2},{"id":"4","x":24,"y":1},{"id":"8","x":25,"y":1},{"id":"7","x":26,"y":1},{"id":"5","x":24,"y":2},{"id":"7","x":25,"y":2},{"id":"11","x":26,"y":2},{"id":"0","x":21,"y":0},{"id":"6","x":22,"y":0},{"id":"9","x":23,"y":0},{"id":"0","x":24,"y":0},{"id":"6","x":25,"y":0},{"id":"9","x":26,"y":0},{"id":"8","x":20,"y":5},{"id":"4","x":19,"y":5},{"id":"4","x":18,"y":5},{"id":"4","x":17,"y":5},{"id":"4","x":20,"y":7},{"id":"4","x":21,"y":7},{"id":"4","x":22,"y":7},{"id":"4","x":23,"y":7},{"id":"4","x":23,"y":5},{"id":"4","x":24,"y":5},{"id":"4","x":25,"y":5},{"id":"4","x":25,"y":4},{"id":"4","x":25,"y":3},{"id":"4","x":26,"y":3},{"id":"4","x":26,"y":4},{"id":"4","x":26,"y":5},{"id":"4","x":26,"y":6},{"id":"4","x":26,"y":7},{"id":"4","x":25,"y":7},{"id":"4","x":24,"y":7},{"id":"4","x":25,"y":6},{"id":"4","x":24,"y":6},{"id":"4","x":23,"y":6},{"id":"4","x":22,"y":6},{"id":"4","x":21,"y":6},{"id":"4","x":20,"y":6},{"id":"4","x":19,"y":6},{"id":"4","x":18,"y":6},{"id":"4","x":17,"y":6},{"id":"4","x":16,"y":6},{"id":"4","x":15,"y":6},{"id":"4","x":15,"y":7},{"id":"4","x":15,"y":8},{"id":"4","x":16,"y":8},{"id":"4","x":17,"y":8},{"id":"4","x":18,"y":8},{"id":"4","x":19,"y":8},{"id":"4","x":20,"y":8},{"id":"4","x":21,"y":8},{"id":"4","x":22,"y":8},{"id":"4","x":23,"y":8},{"id":"4","x":24,"y":8},{"id":"4","x":25,"y":8},{"id":"4","x":26,"y":8},{"id":"12","x":33,"y":4},{"id":"0","x":34,"y":4},{"id":"0","x":33,"y":5},{"id":"3","x":34,"y":5},{"id":"1","x":33,"y":6},{"id":"4","x":34,"y":6},{"id":"4","x":33,"y":7},{"id":"8","x":34,"y":7},{"id":"5","x":33,"y":8},{"id":"7","x":34,"y":8},{"id":"4","x":39,"y":6},{"id":"8","x":40,"y":6},{"id":"4","x":37,"y":6},{"id":"8","x":38,"y":6},{"id":"4","x":35,"y":6},{"id":"8","x":36,"y":6},{"id":"4","x":35,"y":7},{"id":"8","x":36,"y":7},{"id":"5","x":35,"y":8},{"id":"7","x":36,"y":8},{"id":"4","x":37,"y":7},{"id":"8","x":38,"y":7},{"id":"5","x":37,"y":8},{"id":"7","x":38,"y":8},{"id":"4","x":39,"y":7},{"id":"8","x":40,"y":7},{"id":"5","x":39,"y":8},{"id":"7","x":40,"y":8},{"id":"12","x":35,"y":3},{"id":"0","x":36,"y":3},{"id":"0","x":35,"y":4},{"id":"3","x":36,"y":4},{"id":"8","x":35,"y":5},{"id":"7","x":36,"y":5},{"id":"8","x":37,"y":5},{"id":"7","x":38,"y":5},{"id":"8","x":39,"y":5},{"id":"7","x":40,"y":5},{"id":"0","x":37,"y":3},{"id":"6","x":38,"y":3},{"id":"0","x":39,"y":4},{"id":"7","x":37,"y":4},{"id":"7","x":38,"y":4},{"id":"12","x":31,"y":5},{"id":"0","x":32,"y":5},{"id":"0","x":31,"y":6},{"id":"3","x":32,"y":6},{"id":"1","x":31,"y":7},{"id":"4","x":32,"y":7},{"id":"2","x":31,"y":8},{"id":"5","x":32,"y":8}],"collider":false}]}