{"tileSize":16,"mapWidth":50,"mapHeight":12,"layers":[{"name":"Layer_0","tiles":[{"id":"9","x":1,"y":5},{"id":"9","x":3,"y":6},{"id":"27","x":30,"y":11},{"id":"3","x":32,"y":7},{"id":"4","x":33,"y":7},{"id":"16","x":34,"y":7},{"id":"6","x":32,"y":8},{"id":"7","x":33,"y":8},{"id":"17","x":34,"y":8},{"id":"13","x":32,"y":9},{"id":"14","x":33,"y":9},{"id":"18","x":34,"y":9},{"id":"15","x":31,"y":10},{"id":"15","x":32,"y":10},{"id":"15","x":33,"y":10},{"id":"19","x":34,"y":10},{"id":"29","x":31,"y":11},{"id":"30","x":32,"y":11},{"id":"31","x":33,"y":11},{"id":"32","x":34,"y":11},{"id":"0","x":37,"y":0},{"id":"2","x":38,"y":0},{"id":"3","x":39,"y":0},{"id":"4","x":40,"y":0},{"id":"16","x":41,"y":0},{"id":"1","x":37,"y":1},{"id":"5","x":38,"y":1},{"id":"6","x":39,"y":1},{"id":"7","x":40,"y":1},{"id":"17","x":41,"y":1},{"id":"20","x":37,"y":2},{"id":"12","x":38,"y":2},{"id":"13","x":39,"y":2},{"id":"14","x":40,"y":2},{"id":"18","x":41,"y":2},{"id":"21","x":37,"y":3},{"id":"15","x":38,"y":3},{"id":"15","x":39,"y":3},{"id":"15","x":40,"y":3},{"id":"19","x":41,"y":3},{"id":"33","x":37,"y":4},{"id":"29","x":38,"y":4},{"id":"30","x":39,"y":4},{"id":"31","x":40,"y":4},{"id":"32","x":41,"y":4},{"id":"0","x":45,"y":7},{"id":"2","x":46,"y":7},{"id":"3","x":47,"y":7},{"id":"4","x":48,"y":7},{"id":"1","x":45,"y":8},{"id":"5","x":46,"y":8},{"id":"6","x":47,"y":8},{"id":"7","x":48,"y":8},{"id":"20","x":45,"y":9},{"id":"12","x":46,"y":9},{"id":"13","x":47,"y":9},{"id":"14","x":48,"y":9},{"id":"21","x":45,"y":10},{"id":"15","x":46,"y":10},{"id":"15","x":47,"y":10},{"id":"15","x":48,"y":10},{"id":"19","x":49,"y":10},{"id":"33","x":45,"y":11},{"id":"29","x":46,"y":11},{"id":"30","x":47,"y":11},{"id":"31","x":48,"y":11},{"id":"32","x":49,"y":11},{"id":"19","x":49,"y":9},{"id":"16","x":49,"y":7},{"id":"17","x":49,"y":8},{"id":"2","x":31,"y":7},{"id":"5","x":31,"y":8},{"id":"12","x":31,"y":9},{"id":"2","x":30,"y":7},{"id":"5","x":30,"y":8},{"id":"13","x":30,"y":9},{"id":"15","x":30,"y":10},{"id":"0","x":27,"y":7},{"id":"2","x":28,"y":7},{"id":"3","x":29,"y":7},{"id":"1","x":27,"y":8},{"id":"5","x":28,"y":8},{"id":"6","x":29,"y":8},{"id":"20","x":27,"y":9},{"id":"12","x":28,"y":9},{"id":"13","x":29,"y":9},{"id":"21","x":27,"y":10},{"id":"15","x":28,"y":10},{"id":"15","x":29,"y":10},{"id":"33","x":27,"y":11},{"id":"29","x":28,"y":11},{"id":"30","x":29,"y":11},{"id":"0","x":0,"y":7},{"id":"2","x":1,"y":7},{"id":"3","x":2,"y":7},{"id":"1","x":0,"y":8},{"id":"5","x":1,"y":8},{"id":"6","x":2,"y":8},{"id":"20","x":0,"y":9},{"id":"12","x":1,"y":9},{"id":"13","x":2,"y":9},{"id":"21","x":0,"y":10},{"id":"15","x":1,"y":10},{"id":"15","x":2,"y":10},{"id":"33","x":0,"y":11},{"id":"29","x":1,"y":11},{"id":"30","x":2,"y":11},{"id":"3","x":3,"y":7},{"id":"4","x":4,"y":7},{"id":"6","x":3,"y":8},{"id":"7","x":4,"y":8},{"id":"13","x":3,"y":9},{"id":"14","x":4,"y":9},{"id":"15","x":3,"y":10},{"id":"15","x":4,"y":10},{"id":"30","x":3,"y":11},{"id":"31","x":4,"y":11},{"id":"3","x":5,"y":7},{"id":"4","x":6,"y":7},{"id":"6","x":5,"y":8},{"id":"7","x":6,"y":8},{"id":"13","x":5,"y":9},{"id":"14","x":6,"y":9},{"id":"15","x":5,"y":10},{"id":"15","x":6,"y":10},{"id":"30","x":5,"y":11},{"id":"31","x":6,"y":11},{"id":"3","x":7,"y":7},{"id":"4","x":8,"y":7},{"id":"6","x":7,"y":8},{"id":"7","x":8,"y":8},{"id":"13","x":7,"y":9},{"id":"14","x":8,"y":9},{"id":"15","x":7,"y":10},{"id":"15","x":8,"y":10},{"id":"30","x":7,"y":11},{"id":"31","x":8,"y":11},{"id":"3","x":9,"y":7},{"id":"4","x":10,"y":7},{"id":"6","x":9,"y":8},{"id":"7","x":10,"y":8},{"id":"13","x":9,"y":9},{"id":"14","x":10,"y":9},{"id":"15","x":9,"y":10},{"id":"15","x":10,"y":10},{"id":"30","x":9,"y":11},{"id":"31","x":10,"y":11},{"id":"3","x":11,"y":7},{"id":"4","x":12,"y":7},{"id":"6","x":11,"y":8},{"id":"7","x":12,"y":8},{"id":"13","x":11,"y":9},{"id":"14","x":12,"y":9},{"id":"15","x":11,"y":10},{"id":"15","x":12,"y":10},{"id":"30","x":11,"y":11},{"id":"31","x":12,"y":11},{"id":"3","x":13,"y":7},{"id":"4","x":14,"y":7},{"id":"6","x":13,"y":8},{"id":"7","x":14,"y":8},{"id":"13","x":13,"y":9},{"id":"14","x":14,"y":9},{"id":"15","x":13,"y":10},{"id":"15","x":14,"y":10},{"id":"30","x":13,"y":11},{"id":"31","x":14,"y":11},{"id":"3","x":15,"y":7},{"id":"4","x":16,"y":7},{"id":"6","x":15,"y":8},{"id":"7","x":16,"y":8},{"id":"13","x":15,"y":9},{"id":"14","x":16,"y":9},{"id":"15","x":15,"y":10},{"id":"15","x":16,"y":10},{"id":"30","x":15,"y":11},{"id":"31","x":16,"y":11},{"id":"3","x":17,"y":4},{"id":"4","x":18,"y":4},{"id":"6","x":17,"y":5},{"id":"7","x":18,"y":5},{"id":"13","x":17,"y":6},{"id":"14","x":18,"y":6},{"id":"15","x":17,"y":7},{"id":"15","x":18,"y":7},{"id":"13","x":17,"y":9},{"id":"14","x":18,"y":9},{"id":"15","x":17,"y":10},{"id":"15","x":18,"y":10},{"id":"30","x":17,"y":11},{"id":"31","x":18,"y":11},{"id":"15","x":17,"y":8},{"id":"2","x":19,"y":2},{"id":"3","x":20,"y":2},{"id":"5","x":19,"y":3},{"id":"6","x":20,"y":3},{"id":"12","x":19,"y":4},{"id":"13","x":20,"y":4},{"id":"15","x":19,"y":5},{"id":"15","x":20,"y":5},{"id":"12","x":18,"y":8},{"id":"15","x":19,"y":10},{"id":"15","x":20,"y":10},{"id":"29","x":19,"y":11},{"id":"30","x":20,"y":11},{"id":"16","x":21,"y":2},{"id":"17","x":21,"y":3},{"id":"18","x":21,"y":4},{"id":"18","x":21,"y":9},{"id":"19","x":21,"y":10},{"id":"32","x":21,"y":11},{"id":"18","x":21,"y":7},{"id":"19","x":21,"y":8},{"id":"18","x":21,"y":5},{"id":"19","x":21,"y":6},{"id":"13","x":19,"y":6},{"id":"14","x":20,"y":6},{"id":"15","x":19,"y":7},{"id":"15","x":20,"y":7},{"id":"13","x":19,"y":8},{"id":"14","x":20,"y":8},{"id":"15","x":19,"y":9},{"id":"15","x":20,"y":9}],"collider":false}]}