{"tileSize":16,"mapWidth":66,"mapHeight":12,"layers":[{"name":"Layer_0","tiles":[{"id":"0","x":0,"y":5},{"id":"1","x":0,"y":6},{"id":"2","x":1,"y":5},{"id":"3","x":2,"y":5},{"id":"4","x":3,"y":5},{"id":"5","x":1,"y":6},{"id":"6","x":2,"y":6},{"id":"7","x":3,"y":6},{"id":"2","x":4,"y":5},{"id":"3","x":5,"y":5},{"id":"4","x":6,"y":5},{"id":"5","x":4,"y":6},{"id":"6","x":5,"y":6},{"id":"7","x":6,"y":6},{"id":"2","x":7,"y":5},{"id":"3","x":8,"y":5},{"id":"4","x":9,"y":5},{"id":"5","x":7,"y":6},{"id":"6","x":8,"y":6},{"id":"7","x":9,"y":6},{"id":"2","x":10,"y":5},{"id":"3","x":11,"y":5},{"id":"4","x":12,"y":5},{"id":"5","x":10,"y":6},{"id":"6","x":11,"y":6},{"id":"7","x":12,"y":6},{"id":"2","x":13,"y":5},{"id":"3","x":14,"y":5},{"id":"4","x":15,"y":5},{"id":"5","x":13,"y":6},{"id":"6","x":14,"y":6},{"id":"7","x":15,"y":6},{"id":"8","x":16,"y":5},{"id":"9","x":17,"y":5},{"id":"10","x":16,"y":6},{"id":"11","x":17,"y":6},{"id":"8","x":18,"y":6},{"id":"9","x":19,"y":6},{"id":"10","x":18,"y":7},{"id":"11","x":19,"y":7},{"id":"8","x":20,"y":7},{"id":"9","x":21,"y":7},{"id":"10","x":20,"y":8},{"id":"11","x":21,"y":8},{"id":"12","x":0,"y":7},{"id":"13","x":1,"y":7},{"id":"14","x":2,"y":7},{"id":"15","x":0,"y":8},{"id":"15","x":1,"y":8},{"id":"15","x":2,"y":8},{"id":"12","x":3,"y":7},{"id":"13","x":4,"y":7},{"id":"14","x":5,"y":7},{"id":"15","x":3,"y":8},{"id":"12","x":6,"y":7},{"id":"13","x":7,"y":7},{"id":"14","x":8,"y":7},{"id":"15","x":7,"y":8},{"id":"15","x":8,"y":8},{"id":"12","x":9,"y":7},{"id":"13","x":10,"y":7},{"id":"14","x":11,"y":7},{"id":"15","x":9,"y":8},{"id":"15","x":10,"y":8},{"id":"15","x":11,"y":8},{"id":"12","x":12,"y":7},{"id":"13","x":13,"y":7},{"id":"14","x":14,"y":7},{"id":"15","x":12,"y":8},{"id":"12","x":15,"y":7},{"id":"13","x":16,"y":7},{"id":"14","x":17,"y":7},{"id":"12","x":18,"y":8},{"id":"12","x":19,"y":8},{"id":"12","x":21,"y":9},{"id":"12","x":20,"y":9},{"id":"12","x":19,"y":9},{"id":"12","x":18,"y":9},{"id":"12","x":17,"y":9},{"id":"12","x":17,"y":8},{"id":"12","x":16,"y":8},{"id":"12","x":15,"y":8},{"id":"12","x":14,"y":8},{"id":"12","x":13,"y":8},{"id":"12","x":16,"y":9},{"id":"12","x":15,"y":9},{"id":"12","x":14,"y":9},{"id":"12","x":13,"y":9},{"id":"12","x":12,"y":9},{"id":"12","x":11,"y":9},{"id":"12","x":10,"y":9},{"id":"12","x":9,"y":9},{"id":"12","x":8,"y":9},{"id":"12","x":7,"y":9},{"id":"12","x":6,"y":9},{"id":"12","x":6,"y":8},{"id":"12","x":5,"y":8},{"id":"12","x":4,"y":8},{"id":"12","x":4,"y":9},{"id":"12","x":3,"y":9},{"id":"12","x":2,"y":9},{"id":"12","x":1,"y":9},{"id":"12","x":0,"y":9},{"id":"12","x":0,"y":10},{"id":"12","x":1,"y":10},{"id":"12","x":2,"y":10},{"id":"12","x":3,"y":10},{"id":"12","x":4,"y":10},{"id":"12","x":5,"y":9},{"id":"12","x":5,"y":10},{"id":"12","x":6,"y":10},{"id":"12","x":10,"y":10},{"id":"12","x":11,"y":10},{"id":"12","x":12,"y":10},{"id":"12","x":13,"y":10},{"id":"12","x":14,"y":10},{"id":"12","x":15,"y":10},{"id":"12","x":16,"y":10},{"id":"12","x":17,"y":10},{"id":"12","x":18,"y":10},{"id":"12","x":19,"y":10},{"id":"12","x":20,"y":10},{"id":"12","x":21,"y":10},{"id":"2","x":22,"y":8},{"id":"3","x":23,"y":8},{"id":"4","x":24,"y":8},{"id":"5","x":22,"y":9},{"id":"6","x":23,"y":9},{"id":"7","x":24,"y":9},{"id":"2","x":25,"y":8},{"id":"3","x":26,"y":8},{"id":"4","x":27,"y":8},{"id":"5","x":25,"y":9},{"id":"6","x":26,"y":9},{"id":"7","x":27,"y":9},{"id":"2","x":28,"y":8},{"id":"3","x":29,"y":8},{"id":"4","x":30,"y":8},{"id":"5","x":28,"y":9},{"id":"6","x":29,"y":9},{"id":"7","x":30,"y":9},{"id":"16","x":31,"y":8},{"id":"17","x":31,"y":9},{"id":"12","x":28,"y":10},{"id":"13","x":29,"y":10},{"id":"14","x":30,"y":10},{"id":"18","x":31,"y":10},{"id":"19","x":31,"y":11},{"id":"14","x":24,"y":10},{"id":"13","x":23,"y":10},{"id":"12","x":22,"y":10},{"id":"14","x":27,"y":10},{"id":"13","x":26,"y":10},{"id":"12","x":25,"y":10},{"id":"15","x":28,"y":11},{"id":"15","x":29,"y":11},{"id":"15","x":30,"y":11},{"id":"15","x":25,"y":11},{"id":"15","x":26,"y":11},{"id":"15","x":27,"y":11},{"id":"15","x":22,"y":11},{"id":"15","x":23,"y":11},{"id":"15","x":24,"y":11},{"id":"15","x":19,"y":11},{"id":"15","x":20,"y":11},{"id":"15","x":21,"y":11},{"id":"15","x":16,"y":11},{"id":"15","x":17,"y":11},{"id":"15","x":18,"y":11},{"id":"15","x":13,"y":11},{"id":"15","x":14,"y":11},{"id":"15","x":15,"y":11},{"id":"15","x":10,"y":11},{"id":"15","x":11,"y":11},{"id":"15","x":12,"y":11},{"id":"15","x":7,"y":10},{"id":"15","x":8,"y":10},{"id":"15","x":9,"y":10},{"id":"15","x":7,"y":11},{"id":"15","x":8,"y":11},{"id":"15","x":9,"y":11},{"id":"15","x":4,"y":11},{"id":"15","x":5,"y":11},{"id":"15","x":6,"y":11},{"id":"15","x":1,"y":11},{"id":"15","x":2,"y":11},{"id":"15","x":3,"y":11},{"id":"15","x":0,"y":11},{"id":"0","x":35,"y":8},{"id":"1","x":35,"y":9},{"id":"20","x":35,"y":10},{"id":"21","x":35,"y":11},{"id":"2","x":36,"y":8},{"id":"3","x":37,"y":8},{"id":"4","x":38,"y":8},{"id":"5","x":36,"y":9},{"id":"6","x":37,"y":9},{"id":"7","x":38,"y":9},{"id":"12","x":36,"y":10},{"id":"13","x":37,"y":10},{"id":"14","x":38,"y":10},{"id":"15","x":36,"y":11},{"id":"15","x":37,"y":11},{"id":"15","x":38,"y":11},{"id":"2","x":39,"y":8},{"id":"3","x":40,"y":8},{"id":"4","x":41,"y":8},{"id":"5","x":39,"y":9},{"id":"6","x":40,"y":9},{"id":"7","x":41,"y":9},{"id":"12","x":39,"y":10},{"id":"13","x":40,"y":10},{"id":"14","x":41,"y":10},{"id":"15","x":39,"y":11},{"id":"15","x":40,"y":11},{"id":"15","x":41,"y":11},{"id":"2","x":42,"y":8},{"id":"3","x":43,"y":8},{"id":"4","x":44,"y":8},{"id":"5","x":42,"y":9},{"id":"6","x":43,"y":9},{"id":"7","x":44,"y":9},{"id":"12","x":42,"y":10},{"id":"13","x":43,"y":10},{"id":"14","x":44,"y":10},{"id":"15","x":42,"y":11},{"id":"15","x":43,"y":11},{"id":"15","x":44,"y":11},{"id":"9","x":45,"y":7},{"id":"22","x":46,"y":7},{"id":"23","x":45,"y":8},{"id":"24","x":46,"y":8},{"id":"25","x":45,"y":9},{"id":"26","x":46,"y":9},{"id":"27","x":45,"y":10},{"id":"28","x":46,"y":10},{"id":"27","x":46,"y":11},{"id":"27","x":45,"y":11},{"id":"2","x":47,"y":7},{"id":"3","x":48,"y":7},{"id":"4","x":49,"y":7},{"id":"16","x":50,"y":7},{"id":"5","x":47,"y":8},{"id":"6","x":48,"y":8},{"id":"7","x":49,"y":8},{"id":"17","x":50,"y":8},{"id":"12","x":47,"y":9},{"id":"13","x":48,"y":9},{"id":"14","x":49,"y":9},{"id":"18","x":50,"y":9},{"id":"15","x":47,"y":10},{"id":"15","x":48,"y":10},{"id":"15","x":49,"y":10},{"id":"19","x":50,"y":10},{"id":"29","x":47,"y":11},{"id":"30","x":48,"y":11},{"id":"31","x":49,"y":11},{"id":"32","x":50,"y":11},{"id":"0","x":53,"y":0},{"id":"2","x":54,"y":0},{"id":"3","x":55,"y":0},{"id":"4","x":56,"y":0},{"id":"16","x":57,"y":0},{"id":"1","x":53,"y":1},{"id":"5","x":54,"y":1},{"id":"6","x":55,"y":1},{"id":"7","x":56,"y":1},{"id":"17","x":57,"y":1},{"id":"20","x":53,"y":2},{"id":"12","x":54,"y":2},{"id":"13","x":55,"y":2},{"id":"14","x":56,"y":2},{"id":"18","x":57,"y":2},{"id":"21","x":53,"y":3},{"id":"15","x":54,"y":3},{"id":"15","x":55,"y":3},{"id":"15","x":56,"y":3},{"id":"19","x":57,"y":3},{"id":"33","x":53,"y":4},{"id":"29","x":54,"y":4},{"id":"30","x":55,"y":4},{"id":"31","x":56,"y":4},{"id":"32","x":57,"y":4},{"id":"0","x":61,"y":7},{"id":"2","x":62,"y":7},{"id":"3","x":63,"y":7},{"id":"4","x":64,"y":7},{"id":"1","x":61,"y":8},{"id":"5","x":62,"y":8},{"id":"6","x":63,"y":8},{"id":"7","x":64,"y":8},{"id":"20","x":61,"y":9},{"id":"12","x":62,"y":9},{"id":"13","x":63,"y":9},{"id":"14","x":64,"y":9},{"id":"21","x":61,"y":10},{"id":"15","x":62,"y":10},{"id":"15","x":63,"y":10},{"id":"15","x":64,"y":10},{"id":"19","x":65,"y":10},{"id":"33","x":61,"y":11},{"id":"29","x":62,"y":11},{"id":"30","x":63,"y":11},{"id":"31","x":64,"y":11},{"id":"32","x":65,"y":11},{"id":"19","x":65,"y":9},{"id":"16","x":65,"y":7},{"id":"17","x":65,"y":8}],"collider":false}]}